titles,urls,date_modified
Compare Networks | Our Network Is as Good as Verizon's | T-Mobile,https://explore.t-mobile.com/4g-lte-network,2016-05-09T00:00:00
Uncarrier Year 3 Review | T-Mobile Uncarrier 2015 Report,http://explore.t-mobile.com/uncarrier-year-3-annual-review-2015,2016-04-28T00:00:00
T-Mobile Tuesdays | Customer Appreciation | Get Free Products & More,http://explore.t-mobile.com/lg-g5,2016-03-30T00:00:00
iPhone SE | New Apple iPhone SE Smartphone | T-Mobile,http://explore.t-mobile.com/apple-iphone-se,2016-03-21T00:00:00
iPhone SE | New Apple iPhone SE Smartphone | T-Mobile,http://explore.t-mobile.com/apple-iphone-se/learn-more,2016-03-21T00:00:00
iPhone SE | New Apple iPhone SE Smartphone | T-Mobile,http://explore.t-mobile.com/apple-iphone-se/why-t-mobile,2016-03-21T00:00:00
iPhone SE | New Apple iPhone SE Smartphone | T-Mobile,http://explore.t-mobile.com/apple-iphone-se/offer,2016-03-21T00:00:00
iPad Pro | New iPad Pro 9.7” & iPad Pro 12.9” | T-Mobile,http://explore.t-mobile.com/apple-ipad-pro-97-inch,2016-03-21T00:00:00
iPad Pro | New iPad Pro 9.7” & iPad Pro 12.9” | T-Mobile,http://explore.t-mobile.com/apple-ipad-pro-97-inch/learn-more,2016-03-21T00:00:00
iPad Pro | New iPad Pro 9.7” & iPad Pro 12.9” | T-Mobile,http://explore.t-mobile.com/apple-ipad-pro-97-inch/why-t-mobile,2016-03-21T00:00:00
Samsung Galaxy S7 & Galaxy S7 edge | New Galaxy S7 Features | T-Mobile,http://explore.t-mobile.com/samsung-galaxy-s7-and-s7-edge,2016-02-23T00:00:00
Prepaid Phones & Plans with Unlimited Data on the T-Mobile 4G LTE Network,http://explore.t-mobile.com/unlimited-prepaid-plans,2016-01-24T00:00:00
Phone Accessories Hub | Shop Phone & Tablet Accessories | T-Mobile,http://explore.t-mobile.com/accessories-hub,2015-12-10T00:00:00
"Audio Accessories | Headphones, Speakers, Earphones & More | T-Mobile",http://explore.t-mobile.com/accessories/phone-audio-accessories,2015-12-10T00:00:00
Phone Chargers | Portable & Wireless Chargers | T-Mobile,http://explore.t-mobile.com/accessories/chargers,2015-12-10T00:00:00
Phone Cases and Screen Protectors | Phone Protectors | T-Mobile,http://explore.t-mobile.com/accessories/phone-cases-and-screen-protectors,2015-12-10T00:00:00
News about T-Mobile and John Legere | T-Mobile,http://explore.t-mobile.com/buzz,2015-11-13T00:00:00
"Best Mobile Gifts for the Holidays | Wearables, Tablets & Accessories | T-Mobile",http://explore.t-mobile.com/mobile-holiday-gifts,2015-10-21T00:00:00
Apple Watch Sport | Apple Watch Sport Features & Where To Buy | T-Mobile,http://explore.t-mobile.com/apple-watch-sport,2015-09-23T00:00:00
Prepaid Phones & Plans with Unlimited Data on the T-Mobile 4G LTE Network,http://explore.t-mobile.com/solavei,2015-09-17T00:00:00
Lifetime Coverage Guarantee | 4G LTE Coverage | T-Mobile,http://explore.t-mobile.com/coverage-guarantee,2015-09-15T00:00:00
iPad mini 4 | New Apple iPad mini 4 Features | Compare iPad | T-Mobile,http://explore.t-mobile.com/ipad-mini-4,2015-09-15T00:00:00
Android Pay | Pay With Your Android Phone | NFC Mobile Pay | T-Mobile,http://explore.t-mobile.com/android-pay,2015-09-14T00:00:00
iPhone 6s & iPhone 6s Plus | New Features on iPhone 6s | T-Mobile,https://explore.t-mobile.com/iphone-6s-and-iphone-6s-plus,2015-09-10T00:00:00
Shipping dates for new devices | T-Mobile,https://explore.t-mobile.com/shipping-dates,2015-08-31T00:00:00
Upgrade Your Phone Whenever You Like w/ JUMP! On Demand | T-Mobile,http://explore.t-mobile.com/jump-on-demand-phone-upgrade,2015-08-31T00:00:00
Phone Upgrades | Compare Upgrades on JUMP! & JUMP! On Demand | T-Mobile,http://explore.t-mobile.com/phone-upgrades,2015-08-28T00:00:00
"Coverage in Mexico, Canada & U.S. | Simple Choice Plans | T-Mobile",http://explore.t-mobile.com/3countryplan,2015-08-11T00:00:00
Smartphone Camera Tips & Tricks | Smartphone Photography Class | T-Mobile,https://explore.t-mobile.com/smartphone-camera-tips-tricks,2015-06-10T00:00:00
Take Better Photos of Friends & Family | Camera Tips & Tricks  T-Mobile,http://explore.t-mobile.com/take-better-pictures-of-your-friends,2015-06-10T00:00:00
Take Better Travel Pics on Your Smartphone | Camera Tips & Tricks | T-Mobile,http://explore.t-mobile.com/smartphone-camera-travel-tips,2015-06-10T00:00:00
Smartphone Still Life Tips and Tricks | Take Better Still Life Pics | T-Mobile,http://explore.t-mobile.com/smartphone-camera-still-life-tips,2015-06-10T00:00:00
Best Photo Apps | Smartphone Camera Apps | T-Mobile,http://explore.t-mobile.com/best-photo-apps,2015-06-10T00:00:00
Featured Photographers | Smartphone Photography Inspiration | T-Mobile,http://explore.t-mobile.com/featured-photographers,2015-06-10T00:00:00
LG G4 | Pre-Register to Win An Advance-Release Edition | T-Mobile,http://explore.t-mobile.com/lg-g4/official-rules,2015-04-28T00:00:00
Uncarrier Year 2 Review | T-Mobile Annual Uncarrier Report 2014,http://explore.t-mobile.com/uncarrier-year-2-review-2014,2015-04-22T00:00:00
iPhone 6 & iPhone 6 Plus | New iPhone 6 Features | T-Mobile,https://explore.t-mobile.com/iphone-6,2015-03-22T00:00:00
iPhone 6 & iPhone 6 Plus | New iPhone 6 Features | T-Mobile,https://explore.t-mobile.com/iphone-6/why-t-mobile,2015-03-22T00:00:00
iPhone 6 & iPhone 6 Plus for Business | New iPhone 6 | T-Mobile,https://explore.t-mobile.com/iphone-6-for-business,2015-03-22T00:00:00
iPhone 6 & iPhone 6 Plus for Business | New iPhone 6 | T-Mobile,https://explore.t-mobile.com/iphone-6-for-business/why-t-mobile,2015-03-22T00:00:00
Upgrade Your Smartphone,http://explore.t-mobile.com/0down,2015-02-26T00:00:00
Order Status,https://explore.t-mobile.com/order-status,2014-12-15T00:00:00
Activate iPad SIM | How to Activate T-Mobile Data Service | T-Mobile,https://explore.t-mobile.com/completemyactivation,2014-10-23T00:00:00
iPhone 6 & iPhone 6 Plus for Business | New iPhone 6 | T-Mobile,https://explore.t-mobile.com/iphone-6-for-business/learn-more,2014-09-26T00:00:00
iPhone 6 & iPhone 6 Plus | New iPhone 6 Features | T-Mobile,https://explore.t-mobile.com/iphone-6/learn-more,2014-09-09T00:00:00
T-Mobile Annual Report | 2013 Year in Review | T-Mobile,http://explore.t-mobile.com/uncarrier-revolution-year-in-review,2014-04-24T00:00:00
iPhone 5c on T-Mobile | New Apple iPhone 5c | T-Mobile,https://explore.t-mobile.com/iphone-5c,2013-09-20T00:00:00
iPhone 5s on T-Mobile | New Apple iPhone 5s | T-Mobile,https://explore.t-mobile.com/iphone-5s,2013-09-20T00:00:00
Step Up to What You Really Want | T-Mobile Upgrade,http://explore.t-mobile.com/upgrade-today,2013-06-18T00:00:00
